__v,_id,createdAt,permission,role,updatedAt
0,63c0d13db82d4c23f484fb1f,2023-01-13T03:34:21.639Z,63c0c2d50a16b1163074b084,63c0c9656ad3951561299000,2023-01-13T03:34:21.639Z
0,63c0d14cb82d4c23f484fb21,2023-01-13T03:34:36.081Z,63c0c2de0a16b1163074b086,63c0c9656ad3951561299000,2023-01-13T03:34:36.081Z
0,63c0d152b82d4c23f484fb23,2023-01-13T03:34:42.453Z,63c0c71a6ad3951561298fd8,63c0c9656ad3951561299000,2023-01-13T03:34:42.453Z
0,63c0d158b82d4c23f484fb25,2023-01-13T03:34:48.690Z,63c0c7336ad3951561298fda,63c0c9656ad3951561299000,2023-01-13T03:34:48.690Z
0,63c0d15fb82d4c23f484fb27,2023-01-13T03:34:55.311Z,63c0c7576ad3951561298fdc,63c0c9656ad3951561299000,2023-01-13T03:34:55.311Z
0,63c0d165b82d4c23f484fb29,2023-01-13T03:35:01.654Z,63c0c7606ad3951561298fde,63c0c9656ad3951561299000,2023-01-13T03:35:01.654Z
0,63c0d16bb82d4c23f484fb2b,2023-01-13T03:35:07.733Z,63c0c7696ad3951561298fe0,63c0c9656ad3951561299000,2023-01-13T03:35:07.733Z
0,63c0d171b82d4c23f484fb2d,2023-01-13T03:35:13.929Z,63c0c76f6ad3951561298fe2,63c0c9656ad3951561299000,2023-01-13T03:35:13.929Z
0,63c0d178b82d4c23f484fb2f,2023-01-13T03:35:20.221Z,63c0c7936ad3951561298fe4,63c0c9656ad3951561299000,2023-01-13T03:35:20.221Z
0,63c0d17eb82d4c23f484fb31,2023-01-13T03:35:26.280Z,63c0c7a36ad3951561298fe8,63c0c9656ad3951561299000,2023-01-13T03:35:26.280Z
0,63c0d184b82d4c23f484fb33,2023-01-13T03:35:32.106Z,63c0c7b86ad3951561298fea,63c0c9656ad3951561299000,2023-01-13T03:35:32.106Z
0,63c0d18ab82d4c23f484fb35,2023-01-13T03:35:38.116Z,63c0c7bd6ad3951561298fec,63c0c9656ad3951561299000,2023-01-13T03:35:38.116Z
0,63c0d191b82d4c23f484fb37,2023-01-13T03:35:45.275Z,63c0c7f66ad3951561298fef,63c0c9656ad3951561299000,2023-01-13T03:35:45.275Z
0,63c0d197b82d4c23f484fb39,2023-01-13T03:35:51.175Z,63c0c8036ad3951561298ff1,63c0c9656ad3951561299000,2023-01-13T03:35:51.175Z
0,63c0d19db82d4c23f484fb3b,2023-01-13T03:35:57.292Z,63c0c8146ad3951561298ff3,63c0c9656ad3951561299000,2023-01-13T03:35:57.292Z
0,63c0d1a3b82d4c23f484fb3d,2023-01-13T03:36:03.302Z,63c0c81a6ad3951561298ff5,63c0c9656ad3951561299000,2023-01-13T03:36:03.302Z
0,63c0d1abb82d4c23f484fb3f,2023-01-13T03:36:11.322Z,63c0c8206ad3951561298ff7,63c0c9656ad3951561299000,2023-01-13T03:36:11.322Z
0,63c0d1b1b82d4c23f484fb41,2023-01-13T03:36:17.594Z,63c0c82b6ad3951561298ff9,63c0c9656ad3951561299000,2023-01-13T03:36:17.594Z